{
  "are_you_sure_you_want_to_delete_this_listing_permanently": "Are you sure you want to delete this listing permanently?",
  "in_this_category": "In This Category",
  "In this category Limit": "",
  "Define the limit of how many related listings can be displayed when viewing the listing detail. Set 0 will hide this block": "",
  "More From Seller Limit": "",
  "Define the limit of how many listings from this seller can be displayed when viewing the listing detail. Set 0 will hide this block": "",
  "unable_to_edit_this_listing_dot": "Unable to edit this listing.",
  "purchase_listing_sponsor_completed": "Your purchase to sponsor your listing has just been made successfully.",
  "purchase_listing_sponsor_pending_approval": "Your purchase to sponsor your listing has just been made successfully however it is pending an Admins approval.",
  "Featured Listings Limit": "",
  "Define the limit of how many featured listings can be displayed when viewing the marketplace section. Set 0 will hide this block.": "",
  "Featured Listings Cache Time": "",
  "Define how long we should keep the cache for the <b>Featured Listings</b> by minutes. 0 means we do not cache data for this block.": "",
  "Sponsored Listings Limit": "",
  "Define the limit of how many sponsored listings can be displayed when viewing the marketplace section. Set 0 will hide this block.": "",
  "Sponsored Listings Cache Time": "",
  "Define how long we should keep the cache for the <b>Sponsored Listings</b> by minutes. 0 means we do not cache data for this block.": "",
  "total_listings": "Total Listings",
  "select_an_action_to_apply_for_all_listings_as_well_as_sub_categories_belonging_to_this_category": "Select an action to apply for all listings as well as sub categories belonging to this category",
  "remove_all_listings_and_sub_categories_belonging_to_this_category": "Remove all listings and sub-categories belonging to this category",
  "select_another_category_to_move_all_listings_and_sub_categories_belonging_to_this_category": "Select another category to move all listings and sub-categories belonging to this category.",
  "unable_to_find_the_listing_you_want_to_edit": "Unable to find the listing you want to edit",
  "Marketplace": "",
  "marketplace_default_photo": "Marketplace default photo",
  "maximum_photos_you_can_upload_is_number": "Maximum photos you can upload is: {number}",
  "upload_new_photos": "Upload new photos",
  "cancel_upload": "Cancel upload",
  "finish_upload": "Finish upload",
  "seo_marketplace_meta_description": "Sell your product, search and buy product",
  "seo_marketplace_meta_keywords": "market, listing, buy, sell",
  "cannot_find_the_uploaded_photo_please_try_again": "Cannot find the uploaded photo. Please try again",
  "\"In this category Limit\" must be greater than or equal to 0": "",
  "\"Sponsored Listings Limit\" must be greater than or equal to 0": "",
  "\"Featured Listings Limit\" must be greater than or equal to 0": "",
  "\"More From Seller Limit\" must be greater than or equal to 0": "",
  "\"Days to Notify Expiring Listing\" must be greater than or equal to 0": "",
  "\"Days to Expire\" must be greater than or equal to 0": "",
  "default_photo": "Default photo",
  "\"Activity points\" must be greater than or equal to 0": "",
  "\"Waiting time to add new listing\" must be greater than or equal to 0": "",
  "\"Max file size for listing photos\" must be greater than or equal to 0": "",
  "\"Total photos can upload to each listing\" must be greater than or equal to 0": "",
  "\"Sponsor listing price\" must be greater than or equal to 0": "",
  "back_to_manage": "Back to manage",
  "you_do_not_have_sufficient_permission_to_delete_this_listing": "You do not have sufficient permission to delete this listing.",
  "hello_i_am_interested_in_your_listing_listing_title_listing_url": "Hello, I am interested in your listing \"{listing_title}\" - {listing_url}.",
  "hello_i_am_interested_in_your_listing_listing_title_html_allowed": "Hello, I am interested in your listing <a href=\"{listing_url}\">{listing_title}</a>."
}
